Workbook

Sheet Seller Sales Report
A1: Seller Name | B1: SportsMerch Ltd
A2: Seller ID | B2: SM-4421
A3: Club Name | B3: Metro United SC
A4: Report Period | B4: 01-Apr-202x to 30-Jun-202x
A5: Submission Date | B5: 07-Jul-202x
A6: Currency | B6: USD ($)
A8: SKU / Product Code | B8: Product Description | C8: Category | D8: Player / Association | E8: Units Sold | F8: Returns (Units) | G8: Net Units Sold | H8: RRP ($) | I8: Gross Sales ($) | J8: Returns Value ($) | K8: Net Sales ($) | L8: Seller Commission % | M8: Seller Commission ($) | N8: Net Revenue to Club ($)
A9: JRY-001 | B9: Home Jersey – #10 A. Santos | C9: Jersey | D9: A. Santos (Player) | E9: 820 | F9: 18 | G9: =E9-F9 -> 802 | H9: 89.99 | I9: =E9*H9 -> 73791.8 | J9: =F9*H9 -> 1619.82 | K9: =I9-J9 -> 72171.98 | L9: 0.15 | M9: =K9*L9 -> 10825.797 | N9: =K9-M9 -> 61346.183
A10: JRY-002 | B10: Away Jersey – #7 T. Nakamura | C10: Jersey | D10: T. Nakamura (Player) | E10: 640 | F10: 12 | G10: =E10-F10 -> 628 | H10: 89.99 | I10: =E10*H10 -> 57593.6 | J10: =F10*H10 -> 1079.88 | K10: =I10-J10 -> 56513.72 | L10: 0.15 | M10: =K10*L10 -> 8477.058 | N10: =K10-M10 -> 48036.662
A11: JRY-003 | B11: Goalkeeper Jersey – #1 P. Osei | C11: Jersey | D11: P. Osei (Player) | E11: 210 | F11: 5 | G11: =E11-F11 -> 205 | H11: 89.99 | I11: =E11*H11 -> 18897.9 | J11: =F11*H11 -> 449.95 | K11: =I11-J11 -> 18447.95 | L11: 0.15 | M11: =K11*L11 -> 2767.1925 | N11: =K11-M11 -> 15680.757
A12: JRY-004 | B12: Third Jersey – Club Crest Only | C12: Jersey | D12: Club General | E12: 430 | F12: 9 | G12: =E12-F12 -> 421 | H12: 84.99 | I12: =E12*H12 -> 36545.7 | J12: =F12*H12 -> 764.91 | K12: =I12-J12 -> 35780.79 | L12: 0.15 | M12: =K12*L12 -> 5367.1185 | N12: =K12-M12 -> 30413.671
A13: KIT-001 | B13: Kids Kit Set (Home) | C13: Kit | D13: Club General | E13: 310 | F13: 6 | G13: =E13-F13 -> 304 | H13: 59.99 | I13: =E13*H13 -> 18596.9 | J13: =F13*H13 -> 359.94 | K13: =I13-J13 -> 18236.96 | L13: 0.15 | M13: =K13*L13 -> 2735.544 | N13: =K13-M13 -> 15501.416
A14: TRK-001 | B14: Training Tracksuit | C14: Training Wear | D14: Club General | E14: 185 | F14: 4 | G14: =E14-F14 -> 181 | H14: 74.99 | I14: =E14*H14 -> 13873.15 | J14: =F14*H14 -> 299.96 | K14: =I14-J14 -> 13573.19 | L14: 0.15 | M14: =K14*L14 -> 2035.9785 | N14: =K14-M14 -> 11537.212
A15: SHT-001 | B15: Collab Polo – FC Eastdale | C15: Apparel | D15: FC Eastdale (Partner) | E15: 270 | F15: 7 | G15: =E15-F15 -> 263 | H15: 49.99 | I15: =E15*H15 -> 13497.3 | J15: =F15*H15 -> 349.93 | K15: =I15-J15 -> 13147.37 | L15: 0.15 | M15: =K15*L15 -> 1972.1055 | N15: =K15-M15 -> 11175.265
A16: HOD-001 | B16: Club Hoodie | C16: Apparel | D16: Club General | E16: 390 | F16: 11 | G16: =E16-F16 -> 379 | H16: 54.99 | I16: =E16*H16 -> 21446.1 | J16: =F16*H16 -> 604.89 | K16: =I16-J16 -> 20841.21 | L16: 0.15 | M16: =K16*L16 -> 3126.1815 | N16: =K16-M16 -> 17715.029
A17: CAP-001 | B17: Snapback Cap – Club Crest | C17: Accessories | D17: Club General | E17: 540 | F17: 14 | G17: =E17-F17 -> 526 | H17: 24.99 | I17: =E17*H17 -> 13494.6 | J17: =F17*H17 -> 349.86 | K17: =I17-J17 -> 13144.74 | L17: 0.15 | M17: =K17*L17 -> 1971.711 | N17: =K17-M17 -> 11173.029
A18: SCF-001 | B18: Club Scarf | C18: Accessories | D18: Club General | E18: 720 | F18: 20 | G18: =E18-F18 -> 700 | H18: 19.99 | I18: =E18*H18 -> 14392.8 | J18: =F18*H18 -> 399.8 | K18: =I18-J18 -> 13993 | L18: 0.15 | M18: =K18*L18 -> 2098.95 | N18: =K18-M18 -> 11894.05
A19: ACC-001 | B19: Keychain & Badge Set | C19: Accessories | D19: BadgeCraft™ (Vendor) | E19: 860 | F19: 22 | G19: =E19-F19 -> 838 | H19: 12.99 | I19: =E19*H19 -> 11171.4 | J19: =F19*H19 -> 285.78 | K19: =I19-J19 -> 10885.62 | L19: 0.15 | M19: =K19*L19 -> 1632.843 | N19: =K19-M19 -> 9252.777
A20: MUG-001 | B20: Club Ceramic Mug | C20: Lifestyle | D20: Club General | E20: 430 | F20: 10 | G20: =E20-F20 -> 420 | H20: 14.99 | I20: =E20*H20 -> 6445.7 | J20: =F20*H20 -> 149.9 | K20: =I20-J20 -> 6295.8 | L20: 0.15 | M20: =K20*L20 -> 944.37 | N20: =K20-M20 -> 5351.43
... A23: POS-002 | B23: Signed Poster – T. Nakamura | C23: Memorabilia | D23: T. Nakamura (Player) | E23: 95 | F23: 1 | G23: =E23-F23 -> 94 | H23: 34.99 | I23: =E23*H23 -> 3324.05 | J23: =F23*H23 -> 34.99 | K23: =I23-J23 -> 3289.06 | L23: 0.15 | M23: =K23*L23 -> 493.359 | N23: =K23-M23 -> 2795.701
A24: TOTAL | E24: =SUM(E9:E23) -> 6310 | F24: =SUM(F9:F23) -> 149 | G24: =SUM(G9:G23) -> 6161 | I24: =SUM(I9:I23) -> 313936.9 | J24: =SUM(J9:J23) -> 7003.51 | K24: =SUM(K9:K23) -> 306933.39 | M24: =SUM(M9:M23) -> 46040.008 | N24: =SUM(N9:N23) -> 260893.38

Sheet Revenue by SKU Summary
A1: Club Name | B1: Metro United SC
A2: Period | B2: Q1 FY202x-2x (Apr – Jun 202x)
A3: Prepared By | B3: Finance Dept
A4: Date | B4: 07-Jul-202x
A6: SKU | B6: Product Description | C6: Net Revenue from Seller ($) | D6: Player Royalty % | E6: Partner Club Share % | F6: Royalty Vendor % | G6: Total Deductions % | H6: Player Royalty ($) | I6: Partner Club Share ($) | J6: Royalty Vendor ($) | K6: Club Net Revenue ($)
A7: JRY-001 | B7: ='Seller Sales Report'!B9 -> Home Jersey – #10 A. Santos | C7: ='Seller Sales Report'!N9 -> 61346.183 | D7: 0.1 | E7: 0 | F7: 0 | G7: =D7+E7+F7 -> 0.1 | H7: =C7*D7 -> 6134.6183 | I7: =C7*E7 -> 0 | J7: =C7*F7 -> 0 | K7: =C7-H7-I7-J7 -> 55211.565
A8: JRY-002 | B8: ='Seller Sales Report'!B10 -> Away Jersey – #7 T. Nakamura | C8: ='Seller Sales Report'!N10 -> 48036.662 | D8: 0.1 | E8: 0 | F8: 0 | G8: =D8+E8+F8 -> 0.1 | H8: =C8*D8 -> 4803.6662 | I8: =C8*E8 -> 0 | J8: =C8*F8 -> 0 | K8: =C8-H8-I8-J8 -> 43232.996
A9: JRY-003 | B9: ='Seller Sales Report'!B11 -> Goalkeeper Jersey – #1 P. Osei | C9: ='Seller Sales Report'!N11 -> 15680.757 | D9: 0.08 | E9: 0 | F9: 0 | G9: =D9+E9+F9 -> 0.08 | H9: =C9*D9 -> 1254.4606 | I9: =C9*E9 -> 0 | J9: =C9*F9 -> 0 | K9: =C9-H9-I9-J9 -> 14426.297
A10: JRY-004 | B10: ='Seller Sales Report'!B12 -> Third Jersey – Club Crest Only | C10: ='Seller Sales Report'!N12 -> 30413.671 | D10: 0 | E10: 0 | F10: 0 | G10: =D10+E10+F10 -> 0 | H10: =C10*D10 -> 0 | I10: =C10*E10 -> 0 | J10: =C10*F10 -> 0 | K10: =C10-H10-I10-J10 -> 30413.671
A11: KIT-001 | B11: ='Seller Sales Report'!B13 -> Kids Kit Set (Home) | C11: ='Seller Sales Report'!N13 -> 15501.416 | D11: 0 | E11: 0 | F11: 0 | G11: =D11+E11+F11 -> 0 | H11: =C11*D11 -> 0 | I11: =C11*E11 -> 0 | J11: =C11*F11 -> 0 | K11: =C11-H11-I11-J11 -> 15501.416
A12: TRK-001 | B12: ='Seller Sales Report'!B14 -> Training Tracksuit | C12: ='Seller Sales Report'!N14 -> 11537.212 | D12: 0 | E12: 0 | F12: 0 | G12: =D12+E12+F12 -> 0 | H12: =C12*D12 -> 0 | I12: =C12*E12 -> 0 | J12: =C12*F12 -> 0 | K12: =C12-H12-I12-J12 -> 11537.212
A13: SHT-001 | B13: ='Seller Sales Report'!B15 -> Collab Polo – FC Eastdale | C13: ='Seller Sales Report'!N15 -> 11175.265 | D13: 0 | E13: 0.2 | F13: 0 | G13: =D13+E13+F13 -> 0.2 | H13: =C13*D13 -> 0 | I13: =C13*E13 -> 2235.0529 | J13: =C13*F13 -> 0 | K13: =C13-H13-I13-J13 -> 8940.2116
A14: HOD-001 | B14: ='Seller Sales Report'!B16 -> Club Hoodie | C14: ='Seller Sales Report'!N16 -> 17715.029 | D14: 0 | E14: 0 | F14: 0 | G14: =D14+E14+F14 -> 0 | H14: =C14*D14 -> 0 | I14: =C14*E14 -> 0 | J14: =C14*F14 -> 0 | K14: =C14-H14-I14-J14 -> 17715.029
A15: CAP-001 | B15: ='Seller Sales Report'!B17 -> Snapback Cap – Club Crest | C15: ='Seller Sales Report'!N17 -> 11173.029 | D15: 0 | E15: 0 | F15: 0 | G15: =D15+E15+F15 -> 0 | H15: =C15*D15 -> 0 | I15: =C15*E15 -> 0 | J15: =C15*F15 -> 0 | K15: =C15-H15-I15-J15 -> 11173.029
A16: SCF-001 | B16: ='Seller Sales Report'!B18 -> Club Scarf | C16: ='Seller Sales Report'!N18 -> 11894.05 | D16: 0 | E16: 0 | F16: 0 | G16: =D16+E16+F16 -> 0 | H16: =C16*D16 -> 0 | I16: =C16*E16 -> 0 | J16: =C16*F16 -> 0 | K16: =C16-H16-I16-J16 -> 11894.05
A17: ACC-001 | B17: ='Seller Sales Report'!B19 -> Keychain & Badge Set | C17: ='Seller Sales Report'!N19 -> 9252.777 | D17: 0 | E17: 0 | F17: 0.12 | G17: =D17+E17+F17 -> 0.12 | H17: =C17*D17 -> 0 | I17: =C17*E17 -> 0 | J17: =C17*F17 -> 1110.3332 | K17: =C17-H17-I17-J17 -> 8142.4438
A18: MUG-001 | B18: ='Seller Sales Report'!B20 -> Club Ceramic Mug | C18: ='Seller Sales Report'!N20 -> 5351.43 | D18: 0 | E18: 0 | F18: 0 | G18: =D18+E18+F18 -> 0 | H18: =C18*D18 -> 0 | I18: =C18*E18 -> 0 | J18: =C18*F18 -> 0 | K18: =C18-H18-I18-J18 -> 5351.43
... A21: POS-002 | B21: ='Seller Sales Report'!B23 -> Signed Poster – T. Nakamura | C21: ='Seller Sales Report'!N23 -> 2795.701 | D21: 0.15 | E21: 0 | F21: 0 | G21: =D21+E21+F21 -> 0.15 | H21: =C21*D21 -> 419.35515 | I21: =C21*E21 -> 0 | J21: =C21*F21 -> 0 | K21: =C21-H21-I21-J21 -> 2376.3459
A22: TOTAL | C22: =SUM(C7:C21) -> 260893.38 | G22: =SUM(H22+I22+J22)/SUM(C7:C21) -> 0.063182557 | H22: =SUM(H7:H21) -> 13138.525 | I22: =SUM(I7:I21) -> 2235.0529 | J22: =SUM(J7:J21) -> 1110.3332 | K22: =SUM(K7:K21) -> 244409.47

Sheet Revenue Distribution
A1: Club Name | B1: Metro United SC
A2: Period | B2: Q1 FY202x-2x (Apr – Jun 202x)
A3: Purpose | B3: Revenue sharing to players, partner clubs & royalty vendors
A4: Date | B4: 07-Jul-202x
A6: A. PLAYER ROYALTIES
A7: Player Name | B7: SKU(s) Attributed | C7: Net Sales ($) | D7: Royalty Rate | E7: Royalty Amount ($) | F7: Payment Reference
A8: A. Santos | B8: JRY-001, POS-001 | C8: ='Revenue by SKU Summary'!C7+'Revenue by SKU Summary'!C20 -> 64855.68 | D8: ='Revenue by SKU Summary'!D7 -> 0.1 | E8: ='Revenue by SKU Summary'!H7+'Revenue by SKU Summary'!H20 -> 6661.0428 | F8: PAY-PLY-001
A9: T. Nakamura | B9: JRY-002, POS-002 | C9: ='Revenue by SKU Summary'!C8+'Revenue by SKU Summary'!C21 -> 50832.363 | D9: ='Revenue by SKU Summary'!D8 -> 0.1 | E9: ='Revenue by SKU Summary'!H8+'Revenue by SKU Summary'!H21 -> 5223.0214 | F9: PAY-PLY-002
A10: P. Osei | B10: JRY-003 | C10: ='Revenue by SKU Summary'!C9 -> 15680.757 | D10: ='Revenue by SKU Summary'!D9 -> 0.08 | E10: ='Revenue by SKU Summary'!H9 -> 1254.4606 | F10: PAY-PLY-003
A11: TOTAL | C11: =SUM(C8:C10) -> 131368.8 | E11: =SUM(E8:E10) -> 13138.525
A13: B. PARTNER CLUB REVENUE SHARE
A14: Partner Club | B14: SKU(s) Attributed | C14: Net Sales ($) | D14: Share Rate | E14: Share Amount ($) | F14: Payment Reference
A15: FC Eastdale | B15: SHT-001 | C15: ='Revenue by SKU Summary'!C13 -> 11175.265 | D15: ='Revenue by SKU Summary'!E13 -> 0.2 | E15: ='Revenue by SKU Summary'!I13 -> 2235.0529 | F15: PAY-CLB-001
A16: TOTAL | C16: =SUM(C15) -> 11175.265 | E16: =SUM(E15) -> 2235.0529
A18: C. ROYALTY VENDOR PAYMENTS
A19: Vendor Name | B19: SKU(s) Attributed | C19: Net Sales ($) | D19: Royalty Rate | E19: Royalty Amount ($) | F19: Payment Reference
A20: BadgeCraft™ (Licensing) | B20: ACC-001 | C20: ='Revenue by SKU Summary'!C17 -> 9252.777 | D20: ='Revenue by SKU Summary'!F17 -> 0.12 | E20: ='Revenue by SKU Summary'!J17 -> 1110.3332 | F20: PAY-VND-001
A21: TOTAL | C21: =SUM(C20) -> 9252.777 | E21: =SUM(E20) -> 1110.3332
A23: D. CLUB NET REVENUE SUMMARY
A24: Revenue Component | B24: Amount ($) | C24: % of Total Net Sales
A25: Total Net Revenue from Seller | B25: ='Revenue by SKU Summary'!C22 -> 260893.38 | C25: =B25/B25 -> 1
A26: (Less) Player Royalties | B26: =-E11 -> -13138.525 | C26: =B26/B25 -> -0.050359747
A27: (Less) Partner Club Share | B27: =-E16 -> -2235.0529 | C27: =B27/B25 -> -0.0085669207
A28: (Less) Royalty Vendor Payments | B28: =-E21 -> -1110.3332 | C28: =B28/B25 -> -0.0042558889
A29: Club Net Revenue | B29: =B25+B26+B27+B28 -> 244409.47 | C29: =B29/B25 -> 0.93681744
